mae,rmse,r2,accuracy
12.395991737953887,15.633224915441128,0.9532335441200461,91.64444444444445
